{
  "total_scenarios": 1445,
  "review_scenarios": 1,
  "review_event_counts": {
    "cut_in_confirmed": 1
  },
  "seconds": 45.42943130002823,
  "scenarios_per_second": 31.807574047247694,
  "timings": {
    "adapter_seconds": 61.10637039865833,
    "alignment_seconds": 4.076663902029395,
    "engine_seconds": 49.10462729819119
  },
  "files": {
    "validation_interactive.tfrecord-00000-of-00150": {
      "scenarios": 282,
      "review_scenarios": 0,
      "seconds": 23.337245999951847
    },
    "validation_interactive.tfrecord-00001-of-00150": {
      "scenarios": 294,
      "review_scenarios": 0,
      "seconds": 24.49182330002077
    },
    "validation_interactive.tfrecord-00002-of-00150": {
      "scenarios": 274,
      "review_scenarios": 0,
      "seconds": 22.807329899980687
    },
    "validation_interactive.tfrecord-00003-of-00150": {
      "scenarios": 307,
      "review_scenarios": 1,
      "seconds": 24.424537500017323
    },
    "validation_interactive.tfrecord-00004-of-00150": {
      "scenarios": 288,
      "review_scenarios": 0,
      "seconds": 22.342304600053467
    }
  },
  "review_scenario_refs": [
    {
      "source": "data\\validation_interactive.tfrecord-00003-of-00150",
      "scenario_index": 86,
      "scenario_id": "87777508fd1e5953",
      "review_tags": [
        "cut_in_confirmed"
      ]
    }
  ]
}