{
  "total_scenarios": 14441,
  "review_scenarios": 14,
  "review_event_counts": {
    "cut_in_confirmed": 9,
    "persistent_low_ttc_pair": 4,
    "red_light_running": 1
  },
  "seconds": 314.06215110002086,
  "scenarios_per_second": 45.98134461417768,
  "timings": {
    "adapter_seconds": 635.7605152920587,
    "alignment_seconds": 41.76920290128328,
    "engine_seconds": 514.5958423023112
  },
  "files": {
    "validation_interactive.tfrecord-00000-of-00150": {
      "scenarios": 282,
      "review_scenarios": 0,
      "seconds": 23.663079699967057
    },
    "validation_interactive.tfrecord-00001-of-00150": {
      "scenarios": 294,
      "review_scenarios": 0,
      "seconds": 24.62120589998085
    },
    "validation_interactive.tfrecord-00002-of-00150": {
      "scenarios": 274,
      "review_scenarios": 0,
      "seconds": 22.826669299975038
    },
    "validation_interactive.tfrecord-00003-of-00150": {
      "scenarios": 307,
      "review_scenarios": 1,
      "seconds": 25.0084125000285
    },
    "validation_interactive.tfrecord-00004-of-00150": {
      "scenarios": 288,
      "review_scenarios": 0,
      "seconds": 23.8932600999251
    },
    "validation_interactive.tfrecord-00005-of-00150": {
      "scenarios": 292,
      "review_scenarios": 0,
      "seconds": 24.922087999992073
    },
    "validation_interactive.tfrecord-00006-of-00150": {
      "scenarios": 266,
      "review_scenarios": 0,
      "seconds": 21.69600530003663
    },
    "validation_interactive.tfrecord-00007-of-00150": {
      "scenarios": 300,
      "review_scenarios": 0,
      "seconds": 23.874459699960425
    },
    "validation_interactive.tfrecord-00008-of-00150": {
      "scenarios": 282,
      "review_scenarios": 1,
      "seconds": 23.832082699984312
    },
    "validation_interactive.tfrecord-00009-of-00150": {
      "scenarios": 273,
      "review_scenarios": 0,
      "seconds": 23.72085539996624
    },
    "validation_interactive.tfrecord-00010-of-00150": {
      "scenarios": 277,
      "review_scenarios": 0,
      "seconds": 25.42409069999121
    },
    "validation_interactive.tfrecord-00011-of-00150": {
      "scenarios": 289,
      "review_scenarios": 0,
      "seconds": 24.750741999945603
    },
    "validation_interactive.tfrecord-00012-of-00150": {
      "scenarios": 303,
      "review_scenarios": 0,
      "seconds": 24.826247499906458
    },
    "validation_interactive.tfrecord-00013-of-00150": {
      "scenarios": 281,
      "review_scenarios": 1,
      "seconds": 22.621733199921437
    },
    "validation_interactive.tfrecord-00014-of-00150": {
      "scenarios": 285,
      "review_scenarios": 0,
      "seconds": 24.10998569999356
    },
    "validation_interactive.tfrecord-00015-of-00150": {
      "scenarios": 275,
      "review_scenarios": 0,
      "seconds": 24.031343500013463
    },
    "validation_interactive.tfrecord-00016-of-00150": {
      "scenarios": 286,
      "review_scenarios": 0,
      "seconds": 23.84181350003928
    },
    "validation_interactive.tfrecord-00017-of-00150": {
      "scenarios": 325,
      "review_scenarios": 0,
      "seconds": 25.9704245000612
    },
    "validation_interactive.tfrecord-00018-of-00150": {
      "scenarios": 267,
      "review_scenarios": 0,
      "seconds": 23.133973099989817
    },
    "validation_interactive.tfrecord-00019-of-00150": {
      "scenarios": 323,
      "review_scenarios": 0,
      "seconds": 27.994702599942684
    },
    "validation_interactive.tfrecord-00020-of-00150": {
      "scenarios": 270,
      "review_scenarios": 0,
      "seconds": 22.56696500000544
    },
    "validation_interactive.tfrecord-00021-of-00150": {
      "scenarios": 290,
      "review_scenarios": 0,
      "seconds": 24.138898900011554
    },
    "validation_interactive.tfrecord-00022-of-00150": {
      "scenarios": 294,
      "review_scenarios": 1,
      "seconds": 25.18247360002715
    },
    "validation_interactive.tfrecord-00023-of-00150": {
      "scenarios": 300,
      "review_scenarios": 1,
      "seconds": 27.226099799969234
    },
    "validation_interactive.tfrecord-00024-of-00150": {
      "scenarios": 328,
      "review_scenarios": 0,
      "seconds": 28.311951200012118
    },
    "validation_interactive.tfrecord-00025-of-00150": {
      "scenarios": 294,
      "review_scenarios": 0,
      "seconds": 24.55897220002953
    },
    "validation_interactive.tfrecord-00026-of-00150": {
      "scenarios": 324,
      "review_scenarios": 0,
      "seconds": 26.281901699956506
    },
    "validation_interactive.tfrecord-00027-of-00150": {
      "scenarios": 308,
      "review_scenarios": 0,
      "seconds": 26.4000415999908
    },
    "validation_interactive.tfrecord-00028-of-00150": {
      "scenarios": 310,
      "review_scenarios": 0,
      "seconds": 25.776233500102535
    },
    "validation_interactive.tfrecord-00029-of-00150": {
      "scenarios": 265,
      "review_scenarios": 0,
      "seconds": 21.968029399984516
    },
    "validation_interactive.tfrecord-00030-of-00150": {
      "scenarios": 302,
      "review_scenarios": 1,
      "seconds": 25.988001100020483
    },
    "validation_interactive.tfrecord-00031-of-00150": {
      "scenarios": 281,
      "review_scenarios": 0,
      "seconds": 24.500807599979453
    },
    "validation_interactive.tfrecord-00032-of-00150": {
      "scenarios": 290,
      "review_scenarios": 1,
      "seconds": 24.439449900062755
    },
    "validation_interactive.tfrecord-00033-of-00150": {
      "scenarios": 297,
      "review_scenarios": 1,
      "seconds": 25.747413100092672
    },
    "validation_interactive.tfrecord-00034-of-00150": {
      "scenarios": 316,
      "review_scenarios": 1,
      "seconds": 26.671134599950165
    },
    "validation_interactive.tfrecord-00035-of-00150": {
      "scenarios": 311,
      "review_scenarios": 0,
      "seconds": 27.244754699990153
    },
    "validation_interactive.tfrecord-00036-of-00150": {
      "scenarios": 282,
      "review_scenarios": 2,
      "seconds": 23.519327700021677
    },
    "validation_interactive.tfrecord-00037-of-00150": {
      "scenarios": 266,
      "review_scenarios": 0,
      "seconds": 22.98258289997466
    },
    "validation_interactive.tfrecord-00038-of-00150": {
      "scenarios": 269,
      "review_scenarios": 0,
      "seconds": 21.955565099953674
    },
    "validation_interactive.tfrecord-00039-of-00150": {
      "scenarios": 264,
      "review_scenarios": 0,
      "seconds": 21.222569499979727
    },
    "validation_interactive.tfrecord-00040-of-00150": {
      "scenarios": 270,
      "review_scenarios": 0,
      "seconds": 21.584080699947663
    },
    "validation_interactive.tfrecord-00041-of-00150": {
      "scenarios": 278,
      "review_scenarios": 0,
      "seconds": 23.5505845999578
    },
    "validation_interactive.tfrecord-00042-of-00150": {
      "scenarios": 288,
      "review_scenarios": 1,
      "seconds": 23.816612999886274
    },
    "validation_interactive.tfrecord-00043-of-00150": {
      "scenarios": 279,
      "review_scenarios": 0,
      "seconds": 24.773264600080438
    },
    "validation_interactive.tfrecord-00044-of-00150": {
      "scenarios": 275,
      "review_scenarios": 0,
      "seconds": 21.741537500056438
    },
    "validation_interactive.tfrecord-00045-of-00150": {
      "scenarios": 301,
      "review_scenarios": 2,
      "seconds": 25.345561200054362
    },
    "validation_interactive.tfrecord-00046-of-00150": {
      "scenarios": 297,
      "review_scenarios": 0,
      "seconds": 26.064043699996546
    },
    "validation_interactive.tfrecord-00047-of-00150": {
      "scenarios": 287,
      "review_scenarios": 0,
      "seconds": 25.0886861999752
    },
    "validation_interactive.tfrecord-00048-of-00150": {
      "scenarios": 268,
      "review_scenarios": 0,
      "seconds": 22.870575400069356
    },
    "validation_interactive.tfrecord-00049-of-00150": {
      "scenarios": 268,
      "review_scenarios": 0,
      "seconds": 22.302458599908277
    }
  },